date,cloud_cover_percentage,average_rainfall_mm,average_temperature_C,average_humidity_C,average_soil_moisture,cumulative_rainfall_7d,rainfall_risk,soil_moisture_risk,flood_risk,near_rainfall_risk
01-06-2020 0.00,0,0.04,-242.11,296.18,2.5,0,0,0,0,0
02-06-2020 0.00,0,0.04,-242.36,295.14,5.756666667,0,0,0,0,0
03-06-2020 0.00,0.73,0.13,-242.99,294.5,9.013333333,0,0,1,0,0
04-06-2020 0.00,1.46,15.75,-248.7,294.18,12.27,0,0,1,0,0
05-06-2020 0.00,1.168,5.69,-247.57,295.78,10.25666667,0,0,1,0,0
06-06-2020 0.00,0.876,0,-245.63,294.52,8.243333333,0,0,1,0,0
07-06-2020 0.00,0.584,0,-243.12,296.16,6.23,21.65,0,0,0,0
08-06-2020 0.00,0.292,0,-241.51,296.71,5.883333333,21.61,0,0,0,0
09-06-2020 0.00,0,0,-240.55,296.63,5.536666667,21.57,0,0,0,0
10-06-2020 0.00,0,0.08,-239.97,296.51,5.19,21.52,0,0,0,0
11-06-2020 0.00,0,0,-240.06,297,5.583333333,5.77,0,0,0,0
12-06-2020 0.00,0,0.4,-241.01,296.95,5.976666667,0.48,0,0,0,0
13-06-2020 0.00,0.42,1.53,-242.07,297.59,6.37,2.01,0,0,0,0
14-06-2020 0.00,0.84,5.09,-243.09,298.08,11.46,7.1,0,1,0,0
15-06-2020 0.00,0.56,6.14,-244.11,298.52,16.55,13.24,0,1,0,0
16-06-2020 0.00,0.28,19.54,-246.08,299.01,21.64,32.78,0,1,0,0
17-06-2020 0.00,0,14.42,-245.52,298.88,22.69,47.12,0,1,0,0
18-06-2020 0.00,0.725,14.7,-245.75,298.68,23.74,61.82,0,1,0,0
19-06-2020 0.00,1.45,14.19,-245.65,298.27,24.79,75.61,0,1,0,0
20-06-2020 0.00,0.97,24.12,-246.03,298.67,24.41,98.2,0,1,1,1
21-06-2020 0.00,0.49,3,-245.49,298.44,24.03,96.11,0,1,1,1
22-06-2020 0.00,0.01,2.77,-245.01,298.62,23.65,92.74,0,1,1,1
23-06-2020 0.00,0.56,1.07,-244.28,298.61,24.20333333,74.27,0,1,0,0
24-06-2020 0.00,1.11,0,-243.59,299.11,24.75666667,59.85,0,1,0,0
25-06-2020 0.00,0.743333333,36.15,-244.36,299.21,25.31,81.3,0,1,1,1
26-06-2020 0.00,0.376666667,34.91,-243.91,298.73,25.16666667,102.02,1,1,1,1
27-06-2020 0.00,0.01,0,-244.21,298.4,25.02333333,77.9,0,1,0,0
28-06-2020 0.00,0.735,9.29,-245.44,298.7,24.88,84.19,0,1,1,1
29-06-2020 0.00,1.46,18.92,-246.56,298.32,24.99,100.34,1,1,1,1
30-06-2020 0.00,0.98,5.52,-244.97,298.25,25.1,104.79,1,1,1,1
01-07-2020 0.00,0.5,1.19,-243.78,298.88,25.21,105.98,1,1,1,1
02-07-2020 0.00,0.02,20.67,-243.05,299.6,25.02666667,90.5,0,1,1,1
03-07-2020 0.00,0.725,42.34,-244.64,299.13,24.84333333,97.93,0,1,1,1
04-07-2020 0.00,1.43,9.88,-244.7,299.12,24.66,107.81,1,1,1,1
05-07-2020 0.00,0.956666667,9.69,-244.24,299.19,24.73333333,108.21,1,1,1,1
06-07-2020 0.00,0.483333333,26.81,-245.85,298.78,24.80666667,116.1,1,1,1,1
07-07-2020 0.00,0.01,29.88,-245.16,298.77,24.88,140.46,1,1,1,1
08-07-2020 0.00,0.735,12.76,-243.7,299.64,24.48,152.03,1,1,1,1
09-07-2020 0.00,1.46,30.9,-244.36,299.06,24.08,162.26,1,1,1,1
10-07-2020 0.00,0.983333333,17.96,-245.69,298.41,23.68,137.88,1,1,1,1
11-07-2020 0.00,0.506666667,14.37,-243.96,297.98,23.82,142.37,1,1,1,1
12-07-2020 0.00,0.03,16.95,-242.94,298.5,23.96,149.63,1,1,1,1
13-07-2020 0.00,0.745,11.62,-242.92,299.15,24.1,134.44,1,1,1,1
14-07-2020 0.00,1.46,18.12,-244.81,299.1,23.22666667,122.68,1,1,1,1
15-07-2020 0.00,0.973333333,0.3,-243.8,298.66,22.35333333,110.22,1,1,1,1
16-07-2020 0.00,0.486666667,3.21,-242.92,298.77,21.48,82.53,0,1,1,1
17-07-2020 0.00,0,0.39,-242.36,299.17,22.73666667,64.96,0,1,0,0
18-07-2020 0.00,0.73,17.26,-242.54,299.9,23.99333333,67.85,0,1,0,0
19-07-2020 0.00,1.46,5.56,-244.2,299.75,25.25,56.46,0,1,0,0
20-07-2020 0.00,0.973333333,22.17,-244.91,298.68,24.99333333,67.01,0,1,0,0
21-07-2020 0.00,0.486666667,2.68,-245.79,298.28,24.73666667,51.57,0,1,0,0
22-07-2020 0.00,0,0.74,-244.34,298.68,24.48,52.01,0,1,0,0
23-07-2020 0.00,0.73,9.89,-244.14,298.51,24.35333333,58.69,0,1,0,0
24-07-2020 0.00,1.46,14.13,-244.95,299.04,24.22666667,72.43,0,1,0,0
25-07-2020 0.00,0.976666667,0,-244.41,298.75,24.1,55.17,0,1,0,0
26-07-2020 0.00,0.493333333,0.19,-242.99,298.9,24.41,49.8,0,1,0,0
27-07-2020 0.00,0.01,9.45,-243.22,299.38,24.72,37.08,0,1,0,0
28-07-2020 0.00,0.58,15.7,-244.95,299.23,25.03,50.1,0,1,0,0
29-07-2020 0.00,1.15,12.15,-245.27,298.98,25.06666667,61.51,0,1,0,0
30-07-2020 0.00,0.773333333,6.51,-244.36,299.13,25.10333333,58.13,0,1,0,0
31-07-2020 0.00,0.396666667,11.35,-243.9,299.64,25.14,55.35,0,1,0,0
01-08-2020 0.00,0.02,6.06,-244.02,299.47,24.17666667,61.41,0,1,0,0
02-08-2020 0.00,0.695,3.62,-243.89,299.45,23.21333333,64.84,0,1,0,0
03-08-2020 0.00,1.37,7.23,-243.83,299.41,22.25,62.62,0,1,0,0
04-08-2020 0.00,0.916666667,13.71,-243.43,299.46,22.32,60.63,0,1,0,0
05-08-2020 0.00,0.463333333,15.11,-243.69,298.56,22.39,63.59,0,1,0,0
06-08-2020 0.00,0.01,5.57,-244.62,298.33,22.46,62.65,0,1,0,0
07-08-2020 0.00,0.46,1.45,-243.61,299.07,23.11333333,52.75,0,1,0,0
08-08-2020 0.00,0.91,0.79,-243.84,299.45,23.76666667,47.48,0,1,0,0
09-08-2020 0.00,0.606666667,11.8,-244.08,299.46,24.42,55.66,0,1,0,0
10-08-2020 0.00,0.303333333,2.67,-243.68,299.65,24.5,51.1,0,1,0,0
11-08-2020 0.00,0,29.5,-243.78,300.02,24.58,66.89,0,1,0,0
12-08-2020 0.00,0.18,39.38,-245.52,299.36,24.66,91.16,0,1,1,1
13-08-2020 0.00,0.36,0,-244.91,299.39,23.30333333,85.59,0,1,1,1
14-08-2020 0.00,0.24,0,-243.58,299.66,21.94666667,84.14,0,1,1,1
15-08-2020 0.00,0.12,0.06,-243.66,298.96,20.59,83.41,0,1,1,1
16-08-2020 0.00,0,0,-244.26,298.34,20.39666667,71.61,0,1,0,0
17-08-2020 0.00,0.39,0,-244.6,299.14,20.20333333,68.94,0,1,0,0
18-08-2020 0.00,0.78,1.3,-244.06,299.35,20.01,40.74,0,1,0,0
19-08-2020 0.00,0.523333333,0,-244.35,298.76,21.02333333,1.36,0,1,0,0
20-08-2020 0.00,0.266666667,0,-245.36,297.6,22.03666667,1.36,0,1,0,0
21-08-2020 0.00,0.01,3.72,-245.97,298.07,23.05,5.08,0,1,0,0
22-08-2020 0.00,0.36,23.83,-245.47,298.28,22.87,28.85,0,1,0,0
23-08-2020 0.00,0.71,0.99,-244.52,298.38,22.69,29.84,0,1,0,0
24-08-2020 0.00,0.473333333,1.36,-244.54,298.48,22.51,31.2,0,1,0,0
25-08-2020 0.00,0.236666667,0.39,-243.93,298.53,22.41,30.29,0,1,0,0
26-08-2020 0.00,0,37.12,-245.24,298.9,22.31,67.41,0,1,0,0
27-08-2020 0.00,0.34,0.87,-245.51,298.02,22.21,68.28,0,1,0,0
28-08-2020 0.00,0.68,0,-245.29,297.45,21.66666667,64.56,0,1,0,0
29-08-2020 0.00,0.453333333,0,-244.95,296.82,21.12333333,40.73,0,1,0,0
30-08-2020 0.00,0.226666667,0,-244.25,297.52,20.58,39.74,0,1,0,0
31-08-2020 0.00,0,0.22,-244.03,297.77,21.59666667,38.6,0,1,0,0
01-09-2020 0.00,0.73,14.47,-244.11,298.54,22.61333333,52.68,0,1,0,0
02-09-2020 0.00,1.46,12.71,-246.26,298.42,23.63,28.27,0,1,0,0
03-09-2020 0.00,0.973333333,0,-244.43,298.84,22.57,27.4,0,1,0,0
04-09-2020 0.00,0.486666667,0.23,-243.38,298.93,21.51,27.63,0,1,0,0
05-09-2020 0.00,0,1.1,-243.45,299.28,20.45,28.73,0,1,0,0
06-09-2020 0.00,0.7,2.85,-243.38,299.09,20.86333333,31.58,0,1,0,0
07-09-2020 0.00,1.4,7.35,-243.41,299.17,21.27666667,38.71,0,1,0,0
08-09-2020 0.00,0.936666667,2.39,-243.1,299.1,21.69,26.63,0,1,0,0
09-09-2020 0.00,0.473333333,9.09,-243.31,299.55,22.15333333,23.01,0,1,0,0
10-09-2020 0.00,0.01,15.2,-244.72,299.02,22.61666667,38.21,0,1,0,0
11-09-2020 0.00,0.735,5.97,-244.43,299.07,23.08,43.95,0,1,0,0
12-09-2020 0.00,1.46,6.25,-244.14,299.52,23.63333333,49.1,0,1,0,0
13-09-2020 0.00,0.973333333,5.2,-243.81,299.56,24.18666667,51.45,0,1,0,0
14-09-2020 0.00,0.486666667,9.23,-244.54,299.32,24.74,53.33,0,1,0,0
15-09-2020 0.00,0,14.1,-243.98,299.33,24.51666667,65.04,0,1,0,0
16-09-2020 0.00,0.73,5.28,-243.62,299.56,24.29333333,61.23,0,1,0,0
17-09-2020 0.00,1.46,0.84,-243.25,299.68,24.07,46.87,0,1,0,0
18-09-2020 0.00,0.973333333,6.11,-243.77,299.45,23.83333333,47.01,0,1,0,0
19-09-2020 0.00,0.486666667,8.99,-244.99,298.98,23.59666667,49.75,0,1,0,0
20-09-2020 0.00,0,1.55,-243.46,299.11,23.36,46.1,0,1,0,0
21-09-2020 0.00,0.72,25.1,-245.57,298.69,24.01666667,61.97,0,1,0,0
22-09-2020 0.00,1.44,18.23,-246.95,298.01,24.67333333,66.1,0,1,0,0
23-09-2020 0.00,0.96,40.78,-245.8,298.53,25.33,101.6,1,1,1,1
24-09-2020 0.00,0.48,42.27,-246.47,297.99,23.98666667,143.03,1,1,1,1
25-09-2020 0.00,0,0,-246.87,297.01,22.64333333,136.92,1,1,1,1
26-09-2020 0.00,0.035,0.44,-245.5,297.02,21.3,128.37,1,1,1,1
27-09-2020 0.00,0.07,0,-244.98,297.94,20.48666667,126.82,1,1,1,1
28-09-2020 0.00,0.046666667,0,-244.81,297.77,19.67333333,101.72,1,1,1,1
29-09-2020 0.00,0.023333333,0,-245.37,296.63,18.86,83.49,0,1,1,1
30-09-2020 0.00,0,0,-246,295.98,19.95666667,42.71,0,1,0,0
01-10-2020 0.00,0.18,0,-245.74,296.11,21.05333333,0.44,0,1,0,0
02-10-2020 0.00,0.36,1.83,-244.7,296.32,22.15,2.27,0,1,0,0
03-10-2020 0.00,0.24,14.79,-245.61,298.19,21.03,16.62,0,1,0,0
04-10-2020 0.00,0.12,1.15,-245.99,298.08,19.91,17.77,0,1,0,0
05-10-2020 0.00,0,0.36,-245.17,298.46,18.79,18.13,0,1,0,0
06-10-2020 0.00,0.035,0,-244.78,298.33,18.04666667,18.13,0,1,0,0
07-10-2020 0.00,0.07,0.05,-244.98,297.78,17.30333333,18.18,0,1,0,0
08-10-2020 0.00,0.046666667,0,-245.17,297.25,16.56,18.18,0,1,0,0
09-10-2020 0.00,0.023333333,0,-245.06,297.35,15.96666667,16.35,0,1,0,0
10-10-2020 0.00,0,0,-245.21,296.24,15.37333333,1.56,0,1,0,0
11-10-2020 0.00,0,0,-245.9,295.47,14.78,0.41,0,1,0,0
12-10-2020 0.00,0,0.04,-245.83,295.25,14.31666667,0.09,0,1,0,0
13-10-2020 0.00,0,0,-244.76,297.47,13.85333333,0.09,0,1,0,0
14-10-2020 0.00,0,0,-244.59,297.64,13.39,0.04,0,1,0,0
15-10-2020 0.00,0,0,-244.58,298.15,12.99166667,0.04,0,1,0,0
16-10-2020 0.00,0.005,0,-244.65,297.78,12.59333333,0.04,0,1,0,0
17-10-2020 0.00,0.01,0,-244.8,296.43,12.195,0.04,0,1,0,0
18-10-2020 0.00,0.006666667,0,-245.48,294.95,11.79666667,0.04,0,1,0,0
19-10-2020 0.00,0.003333333,0,-245.23,294.56,11.39833333,0,0,1,0,0
20-10-2020 0.00,0,0,-246.21,293.08,11,0,0,1,0,0
21-10-2020 0.00,0,0,-246.06,294.05,12.05666667,0,0,1,0,0
22-10-2020 0.00,0,0,-246.45,295.13,13.11333333,0,0,1,0,0
23-10-2020 0.00,0,0.02,-246.77,295.55,14.17,0.02,0,1,0,0
24-10-2020 0.00,0,0,-247.04,290.02,12.69,0.02,0,1,0,0
25-10-2020 0.00,0,0,-247.17,290.23,11.21,0.02,0,1,0,0
26-10-2020 0.00,0,0.04,-248.45,289.42,9.73,0.06,0,1,0,0
27-10-2020 0.00,0,0,-249,289.48,9.56,0.06,0,1,0,0
28-10-2020 0.00,0,1.97,-248.89,288.05,9.39,2.03,0,1,0,0
29-10-2020 0.00,0,0.19,-249.77,286.85,9.22,2.22,0,1,0,0
30-10-2020 0.00,0,0,-250.1,286.95,9.17,2.2,0,1,0,0
31-10-2020 0.00,0,0.22,-248.86,287.97,9.12,2.42,0,1,0,0
01-11-2020 0.00,0,0,-248.95,286.52,9.07,2.42,0,1,0,0
02-11-2020 0.00,0,0,-249.84,283.2,8.63,2.38,0,1,0,0
03-11-2020 0.00,0,0,-251.08,282.03,8.19,2.38,0,1,0,0
04-11-2020 0.00,0,0,-251.45,282.91,7.75,0.41,0,1,0,0
05-11-2020 0.00,0,0,-251.71,284.95,7.613333333,0.22,0,1,0,0
06-11-2020 0.00,0,0,-251.56,286.57,7.476666667,0.22,0,1,0,0
07-11-2020 0.00,0,0,-251.16,286.32,7.34,0,0,1,0,0
08-11-2020 0.00,0,0,-251.53,286.41,7.353333333,0,0,1,0,0
09-11-2020 0.00,0,0,-251.46,287,7.366666667,0,0,1,0,0
10-11-2020 0.00,0,0,-251.21,287.2,7.38,0,0,1,0,0
11-11-2020 0.00,0,0,-249.55,288.61,7.363333333,0,0,1,0,0
12-11-2020 0.00,0.072,0,-248.99,289.16,7.346666667,0,0,1,0,0
13-11-2020 0.00,0.144,0,-249.1,288.98,7.33,0,0,1,0,0
14-11-2020 0.00,0.216,0,-249.89,288.8,7.476666667,0,0,1,0,0
15-11-2020 0.00,0.288,0,-249.6,289.97,7.623333333,0,0,1,0,0
16-11-2020 0.00,0.36,0,-251.23,289.61,7.77,0,0,1,0,0
17-11-2020 0.00,0.24,0,-250.57,289.85,8.366666667,0,0,1,0,0
18-11-2020 0.00,0.12,0,-251.45,291.38,8.963333333,0,0,1,0,0
19-11-2020 0.00,0,0,-250.14,291.1,9.56,0,0,1,0,0
20-11-2020 0.00,0,0,-251.57,287.5,8.826666667,0,0,1,0,0
21-11-2020 0.00,0,0,-254.31,281.53,8.093333333,0,0,1,0,0
22-11-2020 0.00,0,0,-255.49,281.57,7.36,0,0,1,0,0
23-11-2020 0.00,0,0,-254.76,282.59,7.273333333,0,0,1,0,0
24-11-2020 0.00,0,0,-254.93,283.53,7.186666667,0,0,1,0,0
25-11-2020 0.00,0.725,0,-254.71,284.42,7.1,0,0,1,0,0
26-11-2020 0.00,1.45,7.68,-253.87,285.29,6.99,7.68,0,0,0,0
27-11-2020 0.00,0.966666667,0,-254.7,286.52,6.88,7.68,0,0,0,0
28-11-2020 0.00,0.483333333,0,-254.65,284.65,6.77,7.68,0,0,0,0
29-11-2020 0.00,0,0,-254.55,284.18,6.603333333,7.68,0,0,0,0
30-11-2020 0.00,0,0,-255.21,284.06,6.436666667,7.68,0,0,0,0
01-12-2020 0.00,0,0,-254.74,284.08,6.27,7.68,0,0,0,0
02-12-2020 0.00,0,0,-254.49,285.38,6.256666667,7.68,0,0,0,0
03-12-2020 0.00,0,0,-254.22,286.32,6.243333333,0,0,0,0,0
04-12-2020 0.00,0,0,-253.64,286.38,6.23,0,0,0,0,0
05-12-2020 0.00,0,0,-253.42,286.36,5.956666667,0,0,0,0,0
06-12-2020 0.00,0,0,-252.77,286.66,5.683333333,0,0,0,0,0
07-12-2020 0.00,0,0,-252.21,287.52,5.41,0,0,0,0,0
08-12-2020 0.00,0,0,-253.59,287.44,5.35,0,0,0,0,0
09-12-2020 0.00,0,0,-253.38,287.18,5.29,0,0,0,0,0
10-12-2020 0.00,0.015,0,-253.38,287.53,5.23,0,0,0,0,0
11-12-2020 0.00,0.03,0,-251.93,288.49,5.183333333,0,0,0,0,0
12-12-2020 0.00,0.02,0,-252.13,289.24,5.136666667,0,0,0,0,0
13-12-2020 0.00,0.01,0,-252.52,288.07,5.09,0,0,0,0,0
14-12-2020 0.00,0,0,-253.75,282.85,5.61,0,0,0,0,0
15-12-2020 0.00,0.73,0,-254.5,284.29,6.13,0,0,0,0,0
16-12-2020 0.00,1.46,0.34,-256.51,285.1,6.65,0.34,0,0,0,0
17-12-2020 0.00,0.973333333,0,-257.84,279.88,6.403333333,0.34,0,0,0,0
18-12-2020 0.00,0.486666667,0,-260.04,278.43,6.156666667,0.34,0,0,0,0
19-12-2020 0.00,0,0,-259.59,280.35,5.91,0.34,0,0,0,0
20-12-2020 0.00,0.005,0,-259.29,280.78,5.98,0.34,0,0,0,0
21-12-2020 0.00,0.01,0,-258.99,282.18,6.05,0.34,0,0,0,0
22-12-2020 0.00,0.006666667,0,-258.31,283.42,6.12,0.34,0,0,0,0
23-12-2020 0.00,0.003333333,0,-257.75,283.69,6.103333333,0,0,0,0,0
24-12-2020 0.00,0,0.06,-257.61,283,6.086666667,0.06,0,0,0,0
25-12-2020 0.00,0,0,-258.05,281.31,6.07,0.06,0,0,0,0
26-12-2020 0.00,0,0,-258.41,280.92,6.29,0.06,0,0,0,0
27-12-2020 0.00,0,0.06,-257.81,281.95,6.51,0.12,0,0,0,0
28-12-2020 0.00,0,0,-256.63,283.16,6.73,0.12,0,0,0,0
29-12-2020 0.00,0,0.4,-257.4,282.9,6.736666667,0.52,0,0,0,0
30-12-2020 0.00,0,0,-257.8,282.07,6.743333333,0.52,0,0,0,0
31-12-2020 0.00,0,0,-258.53,280.91,6.75,0.46,0,0,0,0
01-01-2021 0.00,0.224,0,-257.73,282.03,6.75,0.46,0,0,0,0
02-01-2021 0.00,0.448,0,-256.56,284.34,6.75,0.46,0,0,0,0
03-01-2021 0.00,0.672,1.55,-254.84,285.53,6.75,1.95,0,0,0,0
04-01-2021 0.00,0.896,0,-253.67,286.79,6.75,1.95,0,0,0,0
05-01-2021 0.00,1.12,0,-253.88,288.52,6.75,1.55,0,0,0,0
06-01-2021 0.00,0.746666667,0,-252.96,287.72,6.75,1.55,0,0,0,0
07-01-2021 0.00,0.373333333,0,-253.07,287.51,6.75,1.55,0,0,0,0
08-01-2021 0.00,0,0,-253.66,288.38,6.75,1.55,0,0,0,0
09-01-2021 0.00,0,2.33,-254.09,286.23,6.75,3.88,0,0,0,0
10-01-2021 0.00,0,0,-252.5,288.54,6.75,2.33,0,0,0,0
11-01-2021 0.00,0.254,0,-256.39,284.09,6.75,2.33,0,0,0,0
12-01-2021 0.00,0.508,0,-259.52,280.75,6.75,2.33,0,0,0,0
13-01-2021 0.00,0.762,0,-258.94,281.2,6.75,2.33,0,0,0,0
14-01-2021 0.00,1.016,0,-259.42,281.77,6.75,2.33,0,0,0,0
15-01-2021 0.00,1.27,0,-259.15,282.87,6.75,2.33,0,0,0,0
16-01-2021 0.00,0.846666667,0,-259.09,283.33,6.75,0,0,0,0,0
17-01-2021 0.00,0.423333333,0,-258.71,283.21,6.75,0,0,0,0,0
18-01-2021 0.00,0,0.18,-257.44,284.6,6.75,0.18,0,0,0,0
19-01-2021 0.00,0,0,-255.71,285.69,6.75,0.18,0,0,0,0
20-01-2021 0.00,0,0.14,-256.12,284.61,6.75,0.32,0,0,0,0
21-01-2021 0.00,0.292,0,-257.03,282.79,6.75,0.32,0,0,0,0
22-01-2021 0.00,0.584,0,-257.63,284.22,6.75,0.32,0,0,0,0
23-01-2021 0.00,0.876,0,-258.2,284.22,6.75,0.32,0,0,0,0
24-01-2021 0.00,1.168,0,-256.95,284.97,6.75,0.32,0,0,0,0
25-01-2021 0.00,1.46,0,-256.42,283.98,6.75,0.14,0,0,0,0
26-01-2021 0.00,1.368,0,-258.73,282.41,6.75,0.14,0,0,0,0
27-01-2021 0.00,1.276,0,-260.01,280.74,6.75,0,0,0,0,0
28-01-2021 0.00,1.184,0,-259.34,281.69,6.75,0,0,0,0,0
29-01-2021 0.00,1.092,0,-259.11,281.93,6.75,0,0,0,0,0
30-01-2021 0.00,1,0,-258.94,281.1,6.75,0,0,0,0,0
31-01-2021 0.00,0.8,0,-258.5,280.91,6.75,0,0,0,0,0
01-02-2021 0.00,0.6,0,-258.47,281.07,6.75,0,0,0,0,0
02-02-2021 0.00,0.4,1.29,-256.68,282.14,6.75,1.29,0,0,0,0
03-02-2021 0.00,0.2,0.32,-256.04,283.38,6.75,1.61,0,0,0,0
04-02-2021 0.00,0,0,-254.78,283.97,6.75,1.61,0,0,0,0
05-02-2021 0.00,0,0,-254.46,285.99,6.75,1.61,0,0,0,0
06-02-2021 0.00,0,0.37,-255.75,283.48,6.75,1.98,0,0,0,0
07-02-2021 0.00,0,0,-256.93,282.21,6.75,1.98,0,0,0,0
08-02-2021 0.00,0,0,-256.21,283.11,6.75,1.98,0,0,0,0
09-02-2021 0.00,0,0,-255.35,284.79,6.75,0.69,0,0,0,0
10-02-2021 0.00,0,0,-254.06,285.2,6.75,0.37,0,0,0,0
11-02-2021 0.00,0,0,-254.06,284.89,6.75,0.37,0,0,0,0
12-02-2021 0.00,0,0,-253.77,284.66,6.75,0.37,0,0,0,0
13-02-2021 0.00,0,0,-253.36,284.98,6.75,0,0,0,0,0
14-02-2021 0.00,0,0,-253.99,284.29,6.75,0,0,0,0,0
15-02-2021 0.00,0,0,-252.99,284.34,6.75,0,0,0,0,0
16-02-2021 0.00,0,2.44,-252.17,285.48,6.75,2.44,0,0,0,0
17-02-2021 0.00,0,0,-252.26,287.34,6.75,2.44,0,0,0,0
18-02-2021 0.00,0,0,-252.04,286.64,6.75,2.44,0,0,0,0
19-02-2021 0.00,0,0,-252.16,284.83,6.75,2.44,0,0,0,0
20-02-2021 0.00,0,0,-252.79,284.13,6.75,2.44,0,0,0,0
21-02-2021 0.00,0,0,-252.51,284.56,6.75,2.44,0,0,0,0
22-02-2021 0.00,0,0,-251.96,285.01,6.75,2.44,0,0,0,0
23-02-2021 0.00,0,0,-251.01,286.18,6.75,0,0,0,0,0
24-02-2021 0.00,0,0.36,-249.9,284.23,6.75,0.36,0,0,0,0
25-02-2021 0.00,0,0,-248.53,284.05,6.75,0.36,0,0,0,0
26-02-2021 0.00,0,0,-248.79,283.75,6.75,0.36,0,0,0,0
27-02-2021 0.00,0,0,-247.41,284.88,6.75,0.36,0,0,0,0
28-02-2021 0.00,0,0,-247.98,285.71,6.75,0.36,0,0,0,0
01-03-2021 0.00,0,0,-248.72,283.94,6.75,0.36,0,0,0,0
02-03-2021 0.00,0,0,-251.2,279.48,6.75,0.36,0,0,0,0
03-03-2021 0.00,0,0,-251.33,282.22,6.75,0,0,0,0,0
04-03-2021 0.00,0,0,-249.56,283.6,6.75,0,0,0,0,0
05-03-2021 0.00,0,0,-248.37,283.14,6.75,0,0,0,0,0
06-03-2021 0.00,0,0,-249.65,282.67,6.75,0,0,0,0,0
07-03-2021 0.00,0,0,-248.6,284.9,6.75,0,0,0,0,0
08-03-2021 0.00,0,0,-247.74,287.85,6.75,0,0,0,0,0
09-03-2021 0.00,0,0,-247.26,290.03,6.75,0,0,0,0,0
10-03-2021 0.00,0,0.15,-246.72,289.33,6.75,0.15,0,0,0,0
11-03-2021 0.00,0,0,-246.56,289.38,6.75,0.15,0,0,0,0
12-03-2021 0.00,0,2.79,-247.4,289.98,6.75,2.94,0,0,0,0
13-03-2021 0.00,0,0,-249.05,289.31,6.75,2.94,0,0,0,0
14-03-2021 0.00,0,0,-248.06,287.15,6.75,2.94,0,0,0,0
15-03-2021 0.00,0,0,-247.59,286.56,6.75,2.94,0,0,0,0
16-03-2021 0.00,0,0,-247.09,285.69,6.75,2.94,0,0,0,0
17-03-2021 0.00,0,0,-247.31,284.46,6.75,2.79,0,0,0,0
18-03-2021 0.00,0,0,-245.94,285.87,6.75,2.79,0,0,0,0
19-03-2021 0.00,0,0,-246.19,287.33,6.75,0,0,0,0,0
20-03-2021 0.00,0.455,0,-246.01,286.08,6.75,0,0,0,0,0
21-03-2021 0.00,0.91,0,-245.99,285.96,6.75,0,0,0,0,0
22-03-2021 0.00,0.606666667,0,-244.39,284.71,6.75,0,0,0,0,0
23-03-2021 0.00,0.303333333,0.21,-244.21,286.91,6.75,0.21,0,0,0,0
24-03-2021 0.00,0,1.49,-245.43,284.3,6.75,1.7,0,0,0,0
25-03-2021 0.00,0.02,0.11,-246.37,279.45,6.75,1.81,0,0,0,0
26-03-2021 0.00,0.04,0,-247.86,281.53,6.75,1.81,0,0,0,0
27-03-2021 0.00,0.026666667,0,-246.6,284.34,6.75,1.81,0,0,0,0
28-03-2021 0.00,0.013333333,0,-245.13,286.22,6.75,1.81,0,0,0,0
29-03-2021 0.00,0,0.34,-243.57,286.16,6.75,2.15,0,0,0,0
30-03-2021 0.00,0,0,-242.07,282.28,6.75,1.94,0,0,0,0
31-03-2021 0.00,0,0.51,-243.64,277.27,6.75,0.96,0,0,0,0
01-04-2021 0.00,0,0,-245.77,273.48,6.75,0.85,0,0,0,0
02-04-2021 0.00,0,0,-245.7,276.7,6.75,0.85,0,0,0,0
03-04-2021 0.00,0,0.03,-245.21,277.42,6.75,0.88,0,0,0,0
04-04-2021 0.00,0,0,-245.09,276.02,6.75,0.88,0,0,0,0
05-04-2021 0.00,0,0,-243.69,280.98,6.75,0.54,0,0,0,0
06-04-2021 0.00,0,0,-242.24,283.35,6.75,0.54,0,0,0,0
07-04-2021 0.00,0,0,-242.04,285.55,6.75,0.03,0,0,0,0
08-04-2021 0.00,0,0,-242.56,284.44,6.75,0.03,0,0,0,0
09-04-2021 0.00,0,0.1,-242.84,284.22,6.75,0.13,0,0,0,0
10-04-2021 0.00,0,0,-243.08,282.58,6.75,0.1,0,0,0,0
11-04-2021 0.00,0,0.23,-242.68,279.41,6.75,0.33,0,0,0,0
12-04-2021 0.00,0,0,-242.76,279.42,6.75,0.33,0,0,0,0
13-04-2021 0.00,0,0,-242.15,278.59,6.75,0.33,0,0,0,0
14-04-2021 0.00,0.73,0,-241.69,278.61,6.75,0.33,0,0,0,0
15-04-2021 0.00,1.46,0,-242.07,279.25,6.75,0.33,0,0,0,0
16-04-2021 0.00,0.973333333,0,-241.79,281.5,6.75,0.23,0,0,0,0
17-04-2021 0.00,0.486666667,0.04,-243.82,288.55,6.75,0.27,0,0,0,0
18-04-2021 0.00,0,0,-243.26,284.39,6.75,0.04,0,0,0,0
19-04-2021 0.00,0,0,-242.75,280.89,6.75,0.04,0,0,0,0
20-04-2021 0.00,0,1.56,-241.19,282.81,6.75,1.6,0,0,0,0
21-04-2021 0.00,0,0.47,-242.74,288.63,6.75,2.07,0,0,0,0
22-04-2021 0.00,0,0,-244.39,287.71,6.75,2.07,0,0,0,0
23-04-2021 0.00,0,0,-243.04,284.18,6.75,2.07,0,0,0,0
24-04-2021 0.00,0.025,0,-240.98,281.66,6.75,2.03,0,0,0,0
25-04-2021 0.00,0.05,0,-243.33,280.6,6.75,2.03,0,0,0,0
26-04-2021 0.00,0.033333333,0.01,-242.66,281.66,6.75,2.04,0,0,0,0
27-04-2021 0.00,0.016666667,0,-241.51,280.08,6.75,0.48,0,0,0,0
28-04-2021 0.00,0,0,-240.28,281.01,6.75,0.01,0,0,0,0
29-04-2021 0.00,0.53,0,-240.58,284.83,6.75,0.01,0,0,0,0
30-04-2021 0.00,1.06,0,-241.77,289.59,6.75,0.01,0,0,0,0
01-05-2021 0.00,0.713333333,0,-240.58,288.3,6.75,0.01,0,0,0,0
02-05-2021 0.00,0.366666667,0,-242.26,291.22,6.75,0.01,0,0,0,0
03-05-2021 0.00,0.02,0.92,-243.2,291.64,6.75,0.92,0,0,0,0
04-05-2021 0.00,0.735,0,-242.09,290.48,6.75,0.92,0,0,0,0
05-05-2021 0.00,1.45,0,-242.84,292.24,6.75,0.92,0,0,0,0
06-05-2021 0.00,0.966666667,0,-242.4,293.37,6.75,0.92,0,0,0,0
07-05-2021 0.00,0.483333333,0,-242.72,293.08,6.75,0.92,0,0,0,0
08-05-2021 0.00,0,0,-241.81,292,6.75,0.92,0,0,0,0
09-05-2021 0.00,0,2.7,-241.86,292.04,6.75,3.62,0,0,0,0
10-05-2021 0.00,0,0,-242.65,292.98,6.75,2.7,0,0,0,0
11-05-2021 0.00,0.003333333,0,-241.81,291.56,6.75,2.7,0,0,0,0
12-05-2021 0.00,0.006666667,0,-242.77,293.42,6.75,2.7,0,0,0,0
13-05-2021 0.00,0.01,0,-244.63,293.9,6.75,2.7,0,0,0,0
14-05-2021 0.00,0.255,0,-242.6,292.83,6.75,2.7,0,0,0,0
15-05-2021 0.00,0.5,0,-240.72,292.22,6.75,2.7,0,0,0,0
16-05-2021 0.00,0.333333333,0,-239.38,291.88,6.75,0,0,0,0,0
17-05-2021 0.00,0.166666667,0.31,-239.96,292.34,6.75,0.31,0,0,0,0
18-05-2021 0.00,0,7.42,-245.17,293.13,6.75,7.73,0,0,0,0
19-05-2021 0.00,0.73,10.62,-246.9,294.58,6.75,18.35,0,0,0,0
20-05-2021 0.00,1.46,28.68,-245.22,296.59,6.75,47.03,0,0,0,0
21-05-2021 0.00,0.973333333,0.13,-244.93,296.08,6.75,47.16,0,0,0,0
22-05-2021 0.00,0.486666667,0,-243.42,295.07,6.75,47.16,0,0,0,0
23-05-2021 0.00,0,0,-242.2,293.71,6.75,47.16,0,0,0,0
24-05-2021 0.00,0.725,0,-242.42,291.08,6.75,46.85,0,0,0,0
25-05-2021 0.00,1.45,2.19,-242.24,292.11,6.75,41.62,0,0,0,0
26-05-2021 0.00,1.452,10.58,-245.59,295.07,6.75,41.58,0,0,0,0
27-05-2021 0.00,1.454,0.27,-248.59,296.12,6.75,13.17,0,0,0,0
28-05-2021 0.00,1.456,3.98,-248.14,295.95,6.75,17.02,0,0,0,0
29-05-2021 0.00,1.458,0,-247,295.83,6.75,17.02,0,0,0,0
30-05-2021 0.00,1.46,0,-245.48,296.75,6.75,17.02,0,0,0,0
31-05-2021 0.00,0.973333333,0,-242.53,298.41,6.75,17.02,0,0,0,0
01-06-2021 0.00,0.486666667,7.35,-242.66,298.24,6.75,22.18,0,0,0,0
02-06-2021 0.00,0,0,-242.89,297.17,6.75,11.6,0,0,0,0
03-06-2021 0.00,0.47,0,-241.63,297.23,6.75,11.33,0,0,0,0
04-06-2021 0.00,0.94,0,-241.22,296.41,6.75,7.35,0,0,0,0
05-06-2021 0.00,1.034,3.53,-242.14,295.64,6.75,10.88,0,0,0,0
06-06-2021 0.00,1.128,0,-241.03,295.54,6.75,10.88,0,0,0,0
07-06-2021 0.00,1.222,0,-239.91,294.98,6.75,10.88,0,0,0,0
08-06-2021 0.00,1.316,0,-240.05,295.91,6.75,3.53,0,0,0,0
09-06-2021 0.00,1.41,0,-243.54,297.47,6.75,3.53,0,0,0,0
10-06-2021 0.00,0.943333333,4.05,-243.39,297.97,6.75,7.58,0,0,0,0
11-06-2021 0.00,0.476666667,22.71,-244.08,298.43,6.75,30.29,0,0,0,0
12-06-2021 0.00,0.01,10.31,-245.6,297.1,6.75,37.07,0,0,0,0
13-06-2021 0.00,0.58,6.95,-245.88,298.18,6.75,44.02,0,0,0,0
14-06-2021 0.00,1.15,20.85,-246.05,298.33,6.75,64.87,0,0,0,0
15-06-2021 0.00,0.766666667,19.61,-246.02,298.35,6.75,84.48,0,0,0,1
16-06-2021 0.00,0.383333333,0.7,-246.36,298.18,6.75,85.18,0,0,0,1
17-06-2021 0.00,0,28.53,-246.83,297.46,6.75,109.66,1,0,0,1
18-06-2021 0.00,0.73,4.12,-246.48,297.55,6.75,91.07,0,0,0,1
19-06-2021 0.00,1.46,34.79,-247.65,297.55,6.75,115.55,1,0,0,1
20-06-2021 0.00,0.98,28.87,-245.77,297.68,6.75,137.47,1,0,0,1
21-06-2021 0.00,0.5,1.61,-244.8,298.37,6.75,118.23,1,0,0,1
22-06-2021 0.00,0.02,14.65,-245.29,298.54,6.75,113.27,1,0,0,1
23-06-2021 0.00,0.65,12.99,-245.6,298.52,6.75,125.56,1,0,0,1
24-06-2021 0.00,1.28,14.72,-244.71,298.62,6.75,111.75,1,0,0,1
25-06-2021 0.00,0.853333333,28.69,-246.27,298.31,6.75,136.32,1,0,0,1
26-06-2021 0.00,0.426666667,18.86,-246.14,298.18,6.75,120.39,1,0,0,1
27-06-2021 0.00,0,6.8,-245.38,298.84,6.75,98.32,0,0,0,1
28-06-2021 0.00,0.725,8.98,-243.26,299.32,6.75,105.69,1,0,0,1
29-06-2021 0.00,1.45,2.81,-242.08,298.93,6.75,93.85,0,0,0,1
30-06-2021 0.00,0.97,12.7,-240.03,297.88,6.75,93.56,0,0,0,1
01-07-2021 0.00,0.49,3.42,-241.06,298.25,6.75,82.26,0,0,0,1
02-07-2021 0.00,0.01,2.14,-243.41,298.16,6.75,55.71,0,0,0,0
03-07-2021 0.00,0.555,13.78,-243.24,298.63,6.75,50.63,0,0,0,0
04-07-2021 0.00,1.1,7.42,-243.11,299.02,6.75,51.25,0,0,0,0
05-07-2021 0.00,0.733333333,8,-242.9,299.47,6.75,50.27,0,0,0,0
06-07-2021 0.00,0.366666667,0,-241.72,299.15,6.75,47.46,0,0,0,0
07-07-2021 0.00,0,8.95,-241.45,298.81,6.75,43.71,0,0,0,0
08-07-2021 0.00,0.51,18.54,-244.88,299.21,6.75,58.83,0,0,0,0
09-07-2021 0.00,1.02,1.69,-244.15,298.94,6.75,58.38,0,0,0,0
10-07-2021 0.00,0.68,2.09,-243.16,299.23,6.75,46.69,0,0,0,0
11-07-2021 0.00,0.34,4.82,-243.82,298.6,6.75,44.09,0,0,0,0
12-07-2021 0.00,0,0,-243.1,298.03,6.75,36.09,0,0,0,0
13-07-2021 0.00,0.015,0,-242.61,297.74,6.75,36.09,0,0,0,0
14-07-2021 0.00,0.03,0,-242.82,297.94,6.75,27.14,0,0,0,0
15-07-2021 0.00,0.164,0,-242.54,297.67,6.75,8.6,0,0,0,0
16-07-2021 0.00,0.298,2.3,-242.03,298.6,6.75,9.21,0,0,0,0
17-07-2021 0.00,0.432,20.98,-242.57,298.83,6.75,28.1,0,0,0,0
18-07-2021 0.00,0.566,8.64,-244.77,298.76,6.75,31.92,0,0,0,0
19-07-2021 0.00,0.7,15.72,-243.77,299.03,6.75,47.64,0,0,0,0
20-07-2021 0.00,0.473333333,14.81,-244.54,298.85,6.75,62.45,0,0,0,0
21-07-2021 0.00,0.246666667,13.51,-244.51,298.88,6.75,75.96,0,0,0,0
22-07-2021 0.00,0.02,9.19,-244.25,298.88,6.75,85.15,0,0,0,1
23-07-2021 0.00,0.805,15.94,-243.01,298.11,6.75,98.79,0,0,0,1
24-07-2021 0.00,1.59,7.41,-244.62,298.03,6.75,85.22,0,0,0,1
25-07-2021 0.00,1.564,4.3,-243.21,297.85,6.75,80.88,0,0,0,1
26-07-2021 0.00,1.538,16.13,-243.79,297.41,6.75,81.29,0,0,0,1
27-07-2021 0.00,1.512,5.32,-245.05,298.38,6.75,71.8,0,0,0,0
28-07-2021 0.00,1.486,8.36,-245.28,297.7,6.75,66.65,0,0,0,0
29-07-2021 0.00,1.46,14.69,-245.74,296.82,6.75,72.15,0,0,0,0
30-07-2021 0.00,0.98,16.87,-245.32,297.69,6.75,73.08,0,0,0,0
31-07-2021 0.00,0.5,9.33,-247.46,297.55,6.75,75,0,0,0,0
01-08-2021 0.00,0.02,9.74,-246.61,296.61,6.75,80.44,0,0,0,1
02-08-2021 0.00,0.245,1.98,-245.19,296.33,6.75,66.29,0,0,0,0
03-08-2021 0.00,0.47,0.06,-244.24,296.69,6.75,61.03,0,0,0,0
04-08-2021 0.00,0.313333333,7.79,-244.85,296.91,6.75,60.46,0,0,0,0
05-08-2021 0.00,0.156666667,2.33,-244.05,297.86,6.75,48.1,0,0,0,0
06-08-2021 0.00,0,7.05,-243.87,299.17,6.75,38.28,0,0,0,0
07-08-2021 0.00,0.73,14.86,-244.43,299.23,6.75,43.81,0,0,0,0
08-08-2021 0.00,1.46,8.67,-245.14,298.74,6.75,42.74,0,0,0,0
09-08-2021 0.00,0.976666667,7.94,-246.38,298.08,6.75,48.7,0,0,0,0
10-08-2021 0.00,0.493333333,7.23,-246.17,298.65,6.75,55.87,0,0,0,0
11-08-2021 0.00,0.01,26.5,-246.36,298.52,6.75,74.58,0,0,0,0
12-08-2021 0.00,0.64,15.32,-245.38,298.55,6.75,87.57,0,0,0,1
13-08-2021 0.00,1.27,0.2,-243.73,298.25,6.75,80.72,0,0,0,1
14-08-2021 0.00,0.85,2.32,-243.75,298.04,6.75,68.18,0,0,0,0
15-08-2021 0.00,0.43,0.18,-243.33,298.6,6.75,59.69,0,0,0,0
16-08-2021 0.00,0.01,15.65,-242.95,299.4,6.75,67.4,0,0,0,0
17-08-2021 0.00,0.555,5.52,-243.28,299.47,6.75,65.69,0,0,0,0
18-08-2021 0.00,1.1,17.43,-243.77,298.89,6.75,56.62,0,0,0,0
19-08-2021 0.00,0.733333333,15.64,-245.13,298.88,6.75,56.94,0,0,0,0
20-08-2021 0.00,0.366666667,17.19,-244.7,298.61,6.75,73.93,0,0,0,0
21-08-2021 0.00,0,0.04,-244.53,298.77,6.75,71.65,0,0,0,0
22-08-2021 0.00,0.725,13.18,-244.05,298.73,6.75,84.65,0,0,0,1
23-08-2021 0.00,1.45,9.72,-244.22,298.36,6.75,78.72,0,0,0,0
24-08-2021 0.00,0.97,4.05,-244.22,298.41,6.75,77.25,0,0,0,0
25-08-2021 0.00,0.49,12.4,-244.81,298.44,6.75,72.22,0,0,0,0
26-08-2021 0.00,0.01,18.61,-245.34,297.85,6.75,75.19,0,0,0,0
27-08-2021 0.00,0.73,6.19,-245.11,298.01,6.75,64.19,0,0,0,0
28-08-2021 0.00,1.45,0,-244.77,298.49,6.75,64.15,0,0,0,0
29-08-2021 0.00,0.97,3.51,-244.89,298.32,6.75,54.48,0,0,0,0
30-08-2021 0.00,0.49,0.31,-244.81,298.37,6.75,45.07,0,0,0,0
31-08-2021 0.00,0.01,0.86,-244.85,297.55,6.75,41.88,0,0,0,0
01-09-2021 0.00,0.61,0,-243.86,298.79,6.75,29.48,0,0,0,0
02-09-2021 0.00,1.21,22.62,-243.79,298.44,6.75,33.49,0,0,0,0
03-09-2021 0.00,0.813333333,5.95,-244.24,298.79,6.75,33.25,0,0,0,0
04-09-2021 0.00,0.416666667,0,-244.24,298.81,6.75,33.25,0,0,0,0
05-09-2021 0.00,0.02,0,-243.64,299.61,6.75,29.74,0,0,0,0
06-09-2021 0.00,0.41,14.58,-243.69,299.07,6.75,44.01,0,0,0,0
07-09-2021 0.00,0.8,0.35,-245,297.28,6.75,43.5,0,0,0,0
08-09-2021 0.00,0.533333333,1.46,-245.43,297.75,6.75,44.96,0,0,0,0
09-09-2021 0.00,0.266666667,0.2,-245.18,298.25,6.75,22.54,0,0,0,0
10-09-2021 0.00,0,2.33,-244.73,298.81,6.75,18.92,0,0,0,0
11-09-2021 0.00,0,0,-244.3,298.35,6.75,18.92,0,0,0,0
12-09-2021 0.00,0,0,-244.06,298.39,6.75,18.92,0,0,0,0
13-09-2021 0.00,0.006666667,27.09,-244.72,298.39,6.75,31.43,0,0,0,0
14-09-2021 0.00,0.013333333,0,-246.16,297.5,6.75,31.08,0,0,0,0
15-09-2021 0.00,0.02,46.01,-247.75,297.41,6.75,75.63,0,0,0,0
16-09-2021 0.00,0.74,45.42,-247.23,297.41,6.75,120.85,1,0,0,1
17-09-2021 0.00,1.46,6.71,-246.13,297.35,6.75,125.23,1,0,0,1
18-09-2021 0.00,0.98,0,-245.13,298.3,6.75,125.23,1,0,0,1
19-09-2021 0.00,0.5,0,-244.59,298.66,6.75,125.23,1,0,0,1
20-09-2021 0.00,0.02,21.84,-245.05,298.42,6.75,119.98,1,0,0,1
21-09-2021 0.00,0.315,0,-245.1,297.63,6.75,119.98,1,0,0,1
22-09-2021 0.00,0.61,0.07,-245.51,296.87,6.75,74.04,0,0,0,0
23-09-2021 0.00,0.41,27.07,-246.74,297.52,6.75,55.69,0,0,0,0
24-09-2021 0.00,0.21,0,-245.13,298.44,6.75,48.98,0,0,0,0
25-09-2021 0.00,0.01,15.43,-244.85,298.59,6.75,64.41,0,0,0,0
26-09-2021 0.00,0.005,0.83,-244.49,298.9,6.75,65.24,0,0,0,0
27-09-2021 0.00,0,1.1,-244.46,298.26,6.75,44.5,0,0,0,0
28-09-2021 0.00,0,0,-245.42,297.51,6.75,44.5,0,0,0,0
29-09-2021 0.00,0,0,-245.56,297.26,6.75,44.43,0,0,0,0
30-09-2021 0.00,0,0,-246.1,296.06,6.75,17.36,0,0,0,0
01-10-2021 0.00,0.725,1.03,-248.34,296.92,6.75,18.39,0,0,0,0
02-10-2021 0.00,1.45,0,-248.81,296.53,6.75,2.96,0,0,0,0
03-10-2021 0.00,1.246,49.4,-245.55,297.65,6.75,51.53,0,0,0,0
04-10-2021 0.00,1.042,0.82,-245.17,297.9,6.75,51.25,0,0,0,0
05-10-2021 0.00,0.838,0,-245.02,298.34,6.75,51.25,0,0,0,0
06-10-2021 0.00,0.634,0,-245.18,298.14,6.75,51.25,0,0,0,0
07-10-2021 0.00,0.43,0,-244.87,298.44,6.75,51.25,0,0,0,0
08-10-2021 0.00,0.376,0,-245.72,296.3,6.75,50.22,0,0,0,0
09-10-2021 0.00,0.322,0,-246.09,296.07,6.75,50.22,0,0,0,0
10-10-2021 0.00,0.268,0,-246.03,295.8,6.75,0.82,0,0,0,0
11-10-2021 0.00,0.214,0,-245.95,295.56,6.75,0,0,0,0,0
12-10-2021 0.00,0.16,0,-246.24,295.7,6.75,0,0,0,0,0
13-10-2021 0.00,0.14,0,-246.35,295.26,6.75,0,0,0,0,0
14-10-2021 0.00,0.12,0,-245.87,296.17,6.75,0,0,0,0,0
15-10-2021 0.00,0.1,0,-244.73,297.05,6.75,0,0,0,0,0
16-10-2021 0.00,0.08,5.97,-244.21,297.72,6.75,5.97,0,0,0,0
17-10-2021 0.00,0.06,0.24,-245.46,297.4,6.75,6.21,0,0,0,0
18-10-2021 0.00,0.048,0.2,-247.43,296.95,6.75,6.41,0,0,0,0
19-10-2021 0.00,0.036,13,-247.56,296.32,6.75,19.41,0,0,0,0
20-10-2021 0.00,0.024,0,-248.51,293.37,6.75,19.41,0,0,0,0
21-10-2021 0.00,0.012,0,-248.33,291.77,6.75,19.41,0,0,0,0
22-10-2021 0.00,0,0,-249.41,291.66,6.75,19.41,0,0,0,0
23-10-2021 0.00,0,0,-248.48,293.01,6.75,13.44,0,0,0,0
24-10-2021 0.00,0,0,-248.67,293.44,6.75,13.2,0,0,0,0
25-10-2021 0.00,0,0,-249,292.43,6.75,13,0,0,0,0
26-10-2021 0.00,0,0,-249.51,291.84,6.75,0,0,0,0,0
27-10-2021 0.00,0,0,-250.84,290.03,6.75,0,0,0,0,0
28-10-2021 0.00,0,0,-251.31,288.38,6.75,0,0,0,0,0
29-10-2021 0.00,0,0,-251.77,287.77,6.75,0,0,0,0,0
30-10-2021 0.00,0,0,-251.62,287.76,6.75,0,0,0,0,0
31-10-2021 0.00,0,0,-251.6,288.23,6.75,0,0,0,0,0
01-11-2021 0.00,0,0,-251.09,288.24,6.75,0,0,0,0,0
02-11-2021 0.00,0,0,-250.97,288.61,6.75,0,0,0,0,0
03-11-2021 0.00,0,0,-251.13,288.51,6.75,0,0,0,0,0
04-11-2021 0.00,0,0.39,-251.12,288.85,6.75,0.39,0,0,0,0
05-11-2021 0.00,0,0,-250.91,289.34,6.75,0.39,0,0,0,0
06-11-2021 0.00,0,0,-251.43,288.25,6.75,0.39,0,0,0,0
07-11-2021 0.00,0.204,0,-251.8,287.87,6.75,0.39,0,0,0,0
08-11-2021 0.00,0.408,0,-252.02,288.37,6.75,0.39,0,0,0,0
09-11-2021 0.00,0.612,0,-251.73,288.57,6.75,0.39,0,0,0,0
10-11-2021 0.00,0.816,0,-251.49,288.2,6.75,0.39,0,0,0,0
11-11-2021 0.00,1.02,0,-251.74,288.31,6.75,0,0,0,0,0
12-11-2021 0.00,0.816,0,-251.63,287.46,6.75,0,0,0,0,0
13-11-2021 0.00,0.612,0,-251.49,288.01,6.75,0,0,0,0,0
14-11-2021 0.00,0.408,0,-251.48,288.77,6.75,0,0,0,0,0
15-11-2021 0.00,0.204,0.17,-251.95,288.06,6.75,0.17,0,0,0,0
16-11-2021 0.00,0,0,-252.62,287.16,6.75,0.17,0,0,0,0
17-11-2021 0.00,0,0,-252.88,287.03,6.75,0.17,0,0,0,0
18-11-2021 0.00,0,0,-252.49,286.68,6.75,0.17,0,0,0,0
19-11-2021 0.00,0,0,-252.16,287.48,6.75,0.17,0,0,0,0
20-11-2021 0.00,0,0,-250.84,288.47,6.75,0.17,0,0,0,0
21-11-2021 0.00,0,0,-250.78,288.14,6.75,0.17,0,0,0,0
22-11-2021 0.00,0,0,-251.85,284.3,6.75,0,0,0,0,0
23-11-2021 0.00,0,0,-253.94,282.73,6.75,0,0,0,0,0
24-11-2021 0.00,0,0.3,-253.99,283.42,6.75,0.3,0,0,0,0
25-11-2021 0.00,0,0,-253.49,284.02,6.75,0.3,0,0,0,0
26-11-2021 0.00,0,0,-253.55,284.8,6.75,0.3,0,0,0,0
27-11-2021 0.00,0,0,-253.61,285.7,6.75,0.3,0,0,0,0
28-11-2021 0.00,0,0,-253.68,286.18,6.75,0.3,0,0,0,0
29-11-2021 0.00,0,0,-254.14,286.15,6.75,0.3,0,0,0,0
30-11-2021 0.00,0,0,-253.47,286.04,6.75,0.3,0,0,0,0
01-12-2021 0.00,0,0,-253.62,286.52,6.75,0,0,0,0,0
02-12-2021 0.00,0,0.59,-253.75,287.17,6.75,0.59,0,0,0,0
03-12-2021 0.00,0,0,-253.17,288.22,6.75,0.59,0,0,0,0
04-12-2021 0.00,0,0,-253.32,288.72,6.75,0.59,0,0,0,0
05-12-2021 0.00,0,0,-252.23,288.85,6.75,0.59,0,0,0,0
06-12-2021 0.00,0,0,-251.16,289.11,6.75,0.59,0,0,0,0
07-12-2021 0.00,0,0,-252.58,287.65,6.75,0.59,0,0,0,0
08-12-2021 0.00,0,0,-253.77,283.96,6.75,0.59,0,0,0,0
09-12-2021 0.00,0,0,-253.33,284.68,6.75,0,0,0,0,0
10-12-2021 0.00,0,0,-254.39,284.33,6.75,0,0,0,0,0
11-12-2021 0.00,0,0,-255.94,283.86,6.75,0,0,0,0,0
12-12-2021 0.00,0,0.09,-255.79,283.35,6.75,0.09,0,0,0,0
13-12-2021 0.00,0,0,-256.24,283.2,6.75,0.09,0,0,0,0
14-12-2021 0.00,0,0,-256.83,282.89,6.75,0.09,0,0,0,0
15-12-2021 0.00,0,0,-256.34,283.53,6.75,0.09,0,0,0,0
16-12-2021 0.00,0,0,-254.98,285.7,6.75,0.09,0,0,0,0
17-12-2021 0.00,0,0,-253.84,285.03,6.75,0.09,0,0,0,0
18-12-2021 0.00,0,0,-258.03,277.34,6.75,0.09,0,0,0,0
19-12-2021 0.00,0,0.04,-259.87,278.86,6.75,0.04,0,0,0,0
20-12-2021 0.00,0,0,-259.77,280.69,6.75,0.04,0,0,0,0
21-12-2021 0.00,0,0,-259.65,280.4,6.75,0.04,0,0,0,0
22-12-2021 0.00,0,0,-258.28,281.2,6.75,0.04,0,0,0,0
23-12-2021 0.00,0,0,-257.38,281.88,6.75,0.04,0,0,0,0
24-12-2021 0.00,0,0.01,-256.72,282.77,6.75,0.05,0,0,0,0
25-12-2021 0.00,0.045,0,-256.25,284.13,6.75,0.05,0,0,0,0
26-12-2021 0.00,0.09,0,-256.23,285.34,6.75,0.01,0,0,0,0
27-12-2021 0.00,0.063333333,0,-255.68,285.67,6.75,0.01,0,0,0,0
28-12-2021 0.00,0.036666667,11.42,-255.37,288.01,6.75,11.43,0,0,0,0
29-12-2021 0.00,0.01,0,-257.49,286.11,6.75,11.43,0,0,0,0
30-12-2021 0.00,0.645,0,-259.27,283.74,6.75,11.43,0,0,0,0
31-12-2021 0.00,1.28,0,-258.54,283.97,6.75,11.42,0,0,0,0
01-01-2022 0.00,0.853333333,0,-258.39,283.77,6.75,11.42,0,0,0,0
02-01-2022 0.00,0.426666667,0,-258.89,283.65,6.75,11.42,0,0,0,0
03-01-2022 0.00,0,3.69,-259.17,282.76,6.75,15.11,0,0,0,0
04-01-2022 0.00,0.72,0,-258.3,283.16,6.75,3.69,0,0,0,0
05-01-2022 0.00,1.44,0.42,-257.32,284.97,6.75,4.11,0,0,0,0
06-01-2022 0.00,0.963333333,0,-256.47,286.87,6.75,4.11,0,0,0,0
07-01-2022 0.00,0.486666667,0,-256.4,287.7,6.75,4.11,0,0,0,0
08-01-2022 0.00,0.01,0,-255.3,287.83,6.75,4.11,0,0,0,0
09-01-2022 0.00,0.355,6.04,-256.29,288.24,6.75,10.15,0,0,0,0
10-01-2022 0.00,0.7,0,-255.29,288.36,6.75,6.46,0,0,0,0
11-01-2022 0.00,0.466666667,0,-255.83,288.35,6.75,6.46,0,0,0,0
12-01-2022 0.00,0.233333333,0,-257.42,284.36,6.75,6.04,0,0,0,0
13-01-2022 0.00,0,0,-258.63,282.75,6.75,6.04,0,0,0,0
14-01-2022 0.00,0.005,0,-258.47,283.25,6.75,6.04,0,0,0,0
15-01-2022 0.00,0.01,0,-259.02,283.12,6.75,6.04,0,0,0,0
16-01-2022 0.00,0.01,0,-259.73,282.43,6.75,0,0,0,0,0
17-01-2022 0.00,0.01,0,-261.09,281.2,6.75,0,0,0,0,0
18-01-2022 0.00,0.01,0,-261.65,280.97,6.75,0,0,0,0,0
19-01-2022 0.00,0.275,0,-261.41,281.42,6.75,0,0,0,0,0
20-01-2022 0.00,0.54,0.87,-259.86,282.6,6.75,0.87,0,0,0,0
21-01-2022 0.00,0.363333333,0,-258.5,283.86,6.75,0.87,0,0,0,0
22-01-2022 0.00,0.186666667,0,-257.39,286.02,6.75,0.87,0,0,0,0
23-01-2022 0.00,0.01,0,-256.16,287.68,6.75,0.87,0,0,0,0
24-01-2022 0.00,0.005,0,-258.41,286.69,6.75,0.87,0,0,0,0
25-01-2022 0.00,0,0,-257.96,282.65,6.75,0.87,0,0,0,0
26-01-2022 0.00,0,1.2,-259.49,280.05,6.75,2.07,0,0,0,0
27-01-2022 0.00,0,0,-259.41,280.22,6.75,1.2,0,0,0,0
28-01-2022 0.00,0,0.05,-259.5,280.74,6.75,1.25,0,0,0,0
29-01-2022 0.00,0,0,-259.4,280.83,6.75,1.25,0,0,0,0
30-01-2022 0.00,0,0,-257.94,282.3,6.75,1.25,0,0,0,0
31-01-2022 0.00,0,0,-257.51,284.25,6.75,1.25,0,0,0,0
01-02-2022 0.00,0,0,-256.91,285.07,6.75,1.25,0,0,0,0
02-02-2022 0.00,0,0,-256.42,285.47,6.75,0.05,0,0,0,0
03-02-2022 0.00,0,0.7,-254.88,286.71,6.75,0.75,0,0,0,0
04-02-2022 0.00,0,0,-257.6,284.75,6.75,0.7,0,0,0,0
05-02-2022 0.00,0,0,-259.45,281.71,6.75,0.7,0,0,0,0
06-02-2022 0.00,0,0,-259.16,282.16,6.75,0.7,0,0,0,0
07-02-2022 0.00,0,0,-258.03,282.65,6.75,0.7,0,0,0,0
08-02-2022 0.00,0,2.63,-256.32,283.83,6.75,3.33,0,0,0,0
09-02-2022 0.00,0,0,-256.14,286.33,6.75,3.33,0,0,0,0
10-02-2022 0.00,0,0,-256.09,285.22,6.75,2.63,0,0,0,0
11-02-2022 0.00,0,0,-256.94,280.68,6.75,2.63,0,0,0,0
12-02-2022 0.00,0,0,-257.38,281.24,6.75,2.63,0,0,0,0
13-02-2022 0.00,0,0,-257.13,281.88,6.75,2.63,0,0,0,0
14-02-2022 0.00,0,0.51,-256.35,282.54,6.75,3.14,0,0,0,0
15-02-2022 0.00,0,0,-256.41,282.9,6.75,0.51,0,0,0,0
16-02-2022 0.00,0,0,-255.68,284.11,6.75,0.51,0,0,0,0
17-02-2022 0.00,0,0,-255.02,281.79,6.75,0.51,0,0,0,0
18-02-2022 0.00,0,0,-254.31,280.58,6.75,0.51,0,0,0,0
19-02-2022 0.00,0,0,-252.57,281.41,6.75,0.51,0,0,0,0
20-02-2022 0.00,0,0.74,-253.68,279.46,6.75,1.25,0,0,0,0
21-02-2022 0.00,0,0,-253.83,281.44,6.75,0.74,0,0,0,0
22-02-2022 0.00,0,0,-253.2,281.71,6.75,0.74,0,0,0,0
23-02-2022 0.00,0,0.28,-251.05,285.01,6.75,1.02,0,0,0,0
24-02-2022 0.00,0,2.11,-250.96,287,6.75,3.13,0,0,0,0
25-02-2022 0.00,0,4.76,-251.95,287.65,6.75,7.89,0,0,0,0
26-02-2022 0.00,0,0,-250.95,285.78,6.75,7.89,0,0,0,0
27-02-2022 0.00,0,0.22,-250.72,287.07,6.75,7.37,0,0,0,0
28-02-2022 0.00,0,0,-251.94,284.46,6.75,7.37,0,0,0,0
01-03-2022 0.00,0,0,-252.71,282.54,6.75,7.37,0,0,0,0
02-03-2022 0.00,0,0.93,-252.66,284.04,6.75,8.02,0,0,0,0
03-03-2022 0.00,0,0,-251.14,284.12,6.75,5.91,0,0,0,0
04-03-2022 0.00,0,0,-249.3,283.97,6.75,1.15,0,0,0,0
05-03-2022 0.00,0,0.04,-251.3,284.24,6.75,1.19,0,0,0,0
06-03-2022 0.00,0,0,-251.2,284.83,6.75,0.97,0,0,0,0
07-03-2022 0.00,0,0,-249.97,285.84,6.75,0.97,0,0,0,0
08-03-2022 0.00,0,0,-249.79,284.69,6.75,0.97,0,0,0,0
09-03-2022 0.00,0,0,-249.57,284.71,6.75,0.04,0,0,0,0
10-03-2022 0.00,0,0,-248.67,284.71,6.75,0.04,0,0,0,0
11-03-2022 0.00,0,0.77,-248.47,284.52,6.75,0.81,0,0,0,0
12-03-2022 0.00,0,0,-248.79,284.67,6.75,0.77,0,0,0,0
13-03-2022 0.00,0,0,-248.73,284.8,6.75,0.77,0,0,0,0
14-03-2022 0.00,0,0,-247.15,287.57,6.75,0.77,0,0,0,0
15-03-2022 0.00,0,1.27,-246.3,288.14,6.75,2.04,0,0,0,0
16-03-2022 0.00,0,0,-245.3,289.5,6.75,2.04,0,0,0,0
17-03-2022 0.00,0,0,-244.51,290.11,6.75,2.04,0,0,0,0
18-03-2022 0.00,0,0,-243.74,291.63,6.75,1.27,0,0,0,0
19-03-2022 0.00,0,1.87,-243.17,291.73,6.75,3.14,0,0,0,0
20-03-2022 0.00,0,0,-243.63,290.54,6.75,3.14,0,0,0,0
21-03-2022 0.00,0,0.08,-243.59,287.22,6.75,3.22,0,0,0,0
22-03-2022 0.00,0,0,-244.95,284.93,6.75,1.95,0,0,0,0
23-03-2022 0.00,0,0,-245.49,282.79,6.75,1.95,0,0,0,0
24-03-2022 0.00,0,0,-243.44,284.32,6.75,1.95,0,0,0,0
25-03-2022 0.00,0,0,-243.39,284.4,6.75,1.95,0,0,0,0
26-03-2022 0.00,0,0,-244.69,279.82,6.75,0.08,0,0,0,0
27-03-2022 0.00,0,0.38,-245.15,281.29,6.75,0.46,0,0,0,0
28-03-2022 0.00,0,0,-244.33,282.07,6.75,0.38,0,0,0,0
29-03-2022 0.00,0,0,-243.72,284.23,6.75,0.38,0,0,0,0
30-03-2022 0.00,0,0,-243.12,288.84,6.75,0.38,0,0,0,0
31-03-2022 0.00,0,0,-242.73,289.91,6.75,0.38,0,0,0,0
01-04-2022 0.00,0,0,-241.53,286.94,6.75,0.38,0,0,0,0
02-04-2022 0.00,0,0,-242.27,286.4,6.75,0.38,0,0,0,0
03-04-2022 0.00,0,0,-243.27,285.78,6.75,0,0,0,0,0
04-04-2022 0.00,0,0,-241.93,278.96,6.75,0,0,0,0,0
05-04-2022 0.00,0,0,-242.21,280.64,6.75,0,0,0,0,0
06-04-2022 0.00,0,0,-241.92,279.77,6.75,0,0,0,0,0
07-04-2022 0.00,0,0,-241.89,280.85,6.75,0,0,0,0,0
08-04-2022 0.00,0,0,-241.29,280.39,6.75,0,0,0,0,0
09-04-2022 0.00,0,0,-241.21,282.86,6.75,0,0,0,0,0
10-04-2022 0.00,0,0,-241.51,292.25,6.75,0,0,0,0,0
11-04-2022 0.00,0,0,-240.46,290.77,6.75,0,0,0,0,0
12-04-2022 0.00,0,0,-240,292.18,6.75,0,0,0,0,0
13-04-2022 0.00,0,0,-240.6,291.2,6.75,0,0,0,0,0
14-04-2022 0.00,0,0,-240.66,283.14,6.75,0,0,0,0,0
15-04-2022 0.00,0,0,-240.47,280.68,6.75,0,0,0,0,0
16-04-2022 0.00,0,0,-240.43,280.45,6.75,0,0,0,0,0
17-04-2022 0.00,0,0,-240.4,279.52,6.75,0,0,0,0,0
18-04-2022 0.00,0,0,-239.9,282.13,6.75,0,0,0,0,0
19-04-2022 0.00,0,0,-240.13,286.01,6.75,0,0,0,0,0
20-04-2022 0.00,0,0,-240.49,289.6,6.75,0,0,0,0,0
21-04-2022 0.00,0,0,-240.66,291.9,6.75,0,0,0,0,0
22-04-2022 0.00,0,0,-240.76,286.91,6.75,0,0,0,0,0
23-04-2022 0.00,0,0,-240.11,281.38,6.75,0,0,0,0,0
24-04-2022 0.00,0,0,-239.89,278.77,6.75,0,0,0,0,0
25-04-2022 0.00,0,0,-239.68,280.1,6.75,0,0,0,0,0
26-04-2022 0.00,0,0,-239.62,280.73,6.75,0,0,0,0,0
27-04-2022 0.00,0,0,-239.19,282.09,6.75,0,0,0,0,0
28-04-2022 0.00,0,0,-238.59,285.37,6.75,0,0,0,0,0
29-04-2022 0.00,0,0,-238.16,287.9,6.75,0,0,0,0,0
30-04-2022 0.00,0,0,-240.39,291.49,6.75,0,0,0,0,0
01-05-2022 0.00,0,0,-241.36,293.53,6.75,0,0,0,0,0
02-05-2022 0.00,0,0,-241.98,293.58,6.75,0,0,0,0,0
03-05-2022 0.00,0,0,-241.68,293.62,6.75,0,0,0,0,0
04-05-2022 0.00,0,0,-241.26,293.14,6.75,0,0,0,0,0
05-05-2022 0.00,0,0,-241.95,293.64,6.75,0,0,0,0,0
06-05-2022 0.00,0,0,-241.29,291.63,6.75,0,0,0,0,0
07-05-2022 0.00,0,0,-241.04,292.3,6.75,0,0,0,0,0
08-05-2022 0.00,0,0,-241.33,293.29,6.75,0,0,0,0,0
09-05-2022 0.00,0,0,-240.68,293.43,6.75,0,0,0,0,0
10-05-2022 0.00,0,1.99,-240.34,293.71,6.75,1.99,0,0,0,0
11-05-2022 0.00,0,0,-240.36,294.91,6.75,1.99,0,0,0,0
12-05-2022 0.00,0,1.88,-239.92,295.41,6.75,3.87,0,0,0,0
13-05-2022 0.00,0,0,-238.15,292.14,6.75,3.87,0,0,0,0
14-05-2022 0.00,0,0,-238.25,294.63,6.75,3.87,0,0,0,0
15-05-2022 0.00,0,0,-237.38,295.8,6.75,3.87,0,0,0,0
16-05-2022 0.00,0,0,-238.35,294.07,6.75,3.87,0,0,0,0
17-05-2022 0.00,0,0,-238.99,292.93,6.75,1.88,0,0,0,0
18-05-2022 0.00,0,0,-238.57,290.38,6.75,1.88,0,0,0,0
19-05-2022 0.00,0,0,-238.11,288.78,6.75,0,0,0,0,0
20-05-2022 0.00,0,0,-238.03,291.19,6.75,0,0,0,0,0
21-05-2022 0.00,0,0,-240.68,295.67,6.75,0,0,0,0,0
22-05-2022 0.00,0,0.25,-241.23,293.91,6.75,0.25,0,0,0,0
23-05-2022 0.00,0,1.18,-242.95,293.88,6.75,1.43,0,0,0,0
24-05-2022 0.00,0,0.02,-243.9,295.44,6.75,1.45,0,0,0,0
25-05-2022 0.00,0,0,-243.7,293.87,6.75,1.45,0,0,0,0
26-05-2022 0.00,0,0,-242.24,292.25,6.75,1.45,0,0,0,0
27-05-2022 0.00,0,0,-240.31,291.98,6.75,1.45,0,0,0,0
28-05-2022 0.00,0,6,-240.1,293.04,6.75,7.45,0,0,0,0
29-05-2022 0.00,0,0,-240.45,295.17,6.75,7.2,0,0,0,0
30-05-2022 0.00,0,0,-239.86,295.74,6.75,6.02,0,0,0,0
31-05-2022 0.00,0,0,-239.37,295.99,6.75,6,0,0,0,0
01-06-2022 0.00,0,2.31,-238.76,294.9,6.75,8.31,0,0,0,0
02-06-2022 0.00,0,0,-238.47,293.13,6.75,8.31,0,0,0,0
03-06-2022 0.00,0,0,-238.18,289.83,6.75,8.31,0,0,0,0
04-06-2022 0.00,0,0,-237.56,288.9,6.75,2.31,0,0,0,0
05-06-2022 0.00,0,0,-237.93,291.8,6.75,2.31,0,0,0,0
06-06-2022 0.00,0,0,-238.34,294.46,6.75,2.31,0,0,0,0
07-06-2022 0.00,0,0,-238.14,294.21,6.75,2.31,0,0,0,0
08-06-2022 0.00,0,0,-238.21,294.86,6.75,0,0,0,0,0
09-06-2022 0.00,0,0.09,-237.86,292.38,6.75,0.09,0,0,0,0
10-06-2022 0.00,0,0,-238.13,295.57,6.75,0.09,0,0,0,0
11-06-2022 0.00,0,0,-237.3,292.8,6.75,0.09,0,0,0,0
12-06-2022 0.00,0,0,-237.34,291.96,6.75,0.09,0,0,0,0
13-06-2022 0.00,0,0,-236.68,291.78,6.75,0.09,0,0,0,0
14-06-2022 0.00,0,0,-235.76,291.6,6.75,0.09,0,0,0,0
15-06-2022 0.00,0,0.34,-236.85,293.5,6.75,0.43,0,0,0,0
16-06-2022 0.00,0,6.39,-239.86,295.33,6.75,6.73,0,0,0,0
17-06-2022 0.00,0,1.62,-240.78,296.41,6.75,8.35,0,0,0,0
18-06-2022 0.00,0,2.34,-240.72,296.8,6.75,10.69,0,0,0,0
19-06-2022 0.00,0,0.86,-241.2,296.08,6.75,11.55,0,0,0,0
20-06-2022 0.00,0,1.14,-243.16,296.6,6.75,12.69,0,0,0,0
21-06-2022 0.00,0,0,-241.3,295.76,6.75,12.69,0,0,0,0
22-06-2022 0.00,0,0.36,-240.56,296.13,6.75,12.71,0,0,0,0
23-06-2022 0.00,0,8.93,-241.4,297.34,6.75,15.25,0,0,0,0
24-06-2022 0.00,0,6.7,-241.51,297.39,6.75,20.33,0,0,0,0
25-06-2022 0.00,0,0,-241.12,297.18,6.75,17.99,0,0,0,0
26-06-2022 0.00,0,0,-241.21,296.8,6.75,17.13,0,0,0,0
27-06-2022 0.00,0,0.75,-240.65,297.03,6.75,16.74,0,0,0,0
28-06-2022 0.00,0,21.44,-241.49,297.46,6.75,38.18,0,0,0,0
29-06-2022 0.00,0,29.47,-246.04,298.9,6.75,67.29,0,0,0,0
30-06-2022 0.00,0,0,-245.93,298.5,6.75,58.36,0,0,0,0
01-07-2022 0.00,0,3.71,-244.16,299.05,6.75,55.37,0,0,0,0
02-07-2022 0.00,0,7.63,-244.74,298.54,6.75,63,0,0,0,0
03-07-2022 0.00,0,2.7,-243.72,298.93,6.75,65.7,0,0,0,0
04-07-2022 0.00,0,0,-242.29,298.43,6.75,64.95,0,0,0,0
05-07-2022 0.00,0,0,-241.42,298.25,6.75,43.51,0,0,0,0
06-07-2022 0.00,0,0,-242.06,297.78,6.75,14.04,0,0,0,0
07-07-2022 0.00,0,0,-242.13,297.36,6.75,14.04,0,0,0,0
08-07-2022 0.00,0,0,-240.98,297.47,6.75,10.33,0,0,0,0
09-07-2022 0.00,0,0,-242.04,297.2,6.75,2.7,0,0,0,0
10-07-2022 0.00,0,0,-241.32,296.16,6.75,0,0,0,0,0
11-07-2022 0.00,0,0,-241.36,297.11,6.75,0,0,0,0,0
12-07-2022 0.00,0,0,-241.16,296.54,6.75,0,0,0,0,0
13-07-2022 0.00,0,0.02,-240.79,296.27,6.75,0.02,0,0,0,0
14-07-2022 0.00,0,3.37,-240.4,295.28,6.75,3.39,0,0,0,0
15-07-2022 0.00,0,0.06,-240.75,296.1,6.75,3.45,0,0,0,0
16-07-2022 0.00,0,0,-241.66,297.47,6.75,3.45,0,0,0,0
17-07-2022 0.00,0,0,-240.3,296.6,6.75,3.45,0,0,0,0
18-07-2022 0.00,0,0,-240.67,296.49,6.75,3.45,0,0,0,0
19-07-2022 0.00,0,1.39,-241.21,297.36,6.75,4.84,0,0,0,0
20-07-2022 0.00,0,25.75,-243.47,298.81,6.75,30.57,0,0,0,0
21-07-2022 0.00,0,28.18,-246.44,298.54,6.75,55.38,0,0,0,0
22-07-2022 0.00,0,14.68,-245.03,298.45,6.75,70,0,0,0,0
23-07-2022 0.00,0,1.27,-243.28,298.02,6.75,71.27,0,0,0,0
24-07-2022 0.00,0,4.61,-244.24,297.83,6.75,75.88,0,0,0,0
25-07-2022 0.00,0,25.94,-245.05,298.42,6.75,101.82,1,0,0,1
26-07-2022 0.00,0,6.57,-244.56,298.63,6.75,107,1,0,0,1
27-07-2022 0.00,0,8.99,-244.48,298.45,6.75,90.24,0,0,0,1
28-07-2022 0.00,0,4.95,-244.95,298.47,6.75,67.01,0,0,0,0
29-07-2022 0.00,0,8.65,-245.17,298.42,6.75,60.98,0,0,0,0
30-07-2022 0.00,0,8.52,-245.27,298.63,6.75,68.23,0,0,0,0
31-07-2022 0.00,0,17.5,-244.9,298.43,6.75,81.12,0,0,0,1
01-08-2022 0.00,0,18.89,-244.5,298.31,6.75,74.07,0,0,0,0
02-08-2022 0.00,0,10.98,-244.84,298.97,6.75,78.48,0,0,0,0
03-08-2022 0.00,0,15.99,-244.28,298.96,6.75,85.48,0,0,0,1
04-08-2022 0.00,0,8.3,-244.49,299.21,6.75,88.83,0,0,0,1
05-08-2022 0.00,0,0,-243.01,299.36,6.75,80.18,0,0,0,1
06-08-2022 0.00,0,22.43,-243.54,299.44,6.75,94.09,0,0,0,1
07-08-2022 0.00,0,0.15,-243.27,298.85,6.75,76.74,0,0,0,0
08-08-2022 0.00,0,0,-242.88,297.79,6.75,57.85,0,0,0,0
09-08-2022 0.00,0,0,-243.47,297.33,6.75,46.87,0,0,0,0
10-08-2022 0.00,0,0,-245,296.95,6.75,30.88,0,0,0,0
11-08-2022 0.00,0,0.78,-245.39,297.16,6.75,23.36,0,0,0,0
12-08-2022 0.00,0,0,-244.99,298,6.75,23.36,0,0,0,0
13-08-2022 0.00,0,28.88,-244.45,298.68,6.75,29.81,0,0,0,0
14-08-2022 0.00,0,10.28,-244.61,297.43,6.75,39.94,0,0,0,0
15-08-2022 0.00,0,0,-245,296.22,6.75,39.94,0,0,0,0
16-08-2022 0.00,0,0,-244.27,297.51,6.75,39.94,0,0,0,0
17-08-2022 0.00,0,0,-243.79,297.47,6.75,39.94,0,0,0,0
18-08-2022 0.00,0,7.96,-243.62,298.12,6.75,47.12,0,0,0,0
19-08-2022 0.00,0,15.36,-244.67,298.68,6.75,62.48,0,0,0,0
20-08-2022 0.00,0,1.54,-246.13,297.97,6.75,35.14,0,0,0,0
21-08-2022 0.00,0,1.76,-245.18,297.79,6.75,26.62,0,0,0,0
22-08-2022 0.00,0,6.27,-244.39,297.53,6.75,32.89,0,0,0,0
23-08-2022 0.00,0,21.46,-244.11,297.86,6.75,54.35,0,0,0,0
24-08-2022 0.00,0,7.34,-245.5,298.32,6.75,61.69,0,0,0,0
25-08-2022 0.00,0,9.02,-245.31,298.42,6.75,62.75,0,0,0,0
26-08-2022 0.00,0,0.11,-244.89,298.63,6.75,47.5,0,0,0,0
27-08-2022 0.00,0,3.2,-244.78,298.93,6.75,49.16,0,0,0,0
28-08-2022 0.00,0,20.03,-246.18,298.31,6.75,67.43,0,0,0,0
29-08-2022 0.00,0,0,-245.02,298.67,6.75,61.16,0,0,0,0
30-08-2022 0.00,0,4.36,-243.99,299.34,6.75,44.06,0,0,0,0
31-08-2022 0.00,0,13.27,-244,299.08,6.75,49.99,0,0,0,0
01-09-2022 0.00,0,24.84,-244.72,299.15,6.75,65.81,0,0,0,0
02-09-2022 0.00,0,10.72,-244.6,299.18,6.75,76.42,0,0,0,0
03-09-2022 0.00,0,9.24,-244.35,298.65,6.75,82.46,0,0,0,1
04-09-2022 0.00,0,2.25,-243.55,298.75,6.75,64.68,0,0,0,0
05-09-2022 0.00,0,0.74,-244.2,298.87,6.75,65.42,0,0,0,0
06-09-2022 0.00,0,4.62,-243.96,299.05,6.75,65.68,0,0,0,0
07-09-2022 0.00,0,0,-244.87,298.82,6.75,52.41,0,0,0,0
08-09-2022 0.00,0,14.76,-244.55,298.9,6.75,42.33,0,0,0,0
09-09-2022 0.00,0,2.31,-244.15,298.64,6.75,33.92,0,0,0,0
10-09-2022 0.00,0,9.96,-244.68,298.67,6.75,34.64,0,0,0,0
11-09-2022 0.00,0,1.1,-245.49,297.32,6.75,33.49,0,0,0,0
12-09-2022 0.00,0,23.47,-247.28,297.53,6.75,56.22,0,0,0,0
13-09-2022 0.00,0,3.7,-246.68,298.1,6.75,55.3,0,0,0,0
14-09-2022 0.00,0,46.49,-246.3,297.96,6.75,101.79,1,0,0,1
15-09-2022 0.00,0,51.81,-246.24,297.69,6.75,138.84,1,0,0,1
16-09-2022 0.00,0,8.25,-246.6,297.46,6.75,144.78,1,0,0,1
17-09-2022 0.00,0,31.72,-246.25,297.97,6.75,166.54,1,0,0,1
18-09-2022 0.00,0,0.09,-245.73,298.12,6.75,165.53,1,0,0,1
19-09-2022 0.00,0,10.1,-245.13,298.58,6.75,152.16,1,0,0,1
20-09-2022 0.00,0,28.48,-246.34,298.19,6.75,176.94,1,0,0,1
21-09-2022 0.00,0,0.09,-245.94,298,6.75,130.54,1,0,0,1
22-09-2022 0.00,0,0.55,-245.38,298.15,6.75,79.28,0,0,0,0
23-09-2022 0.00,0,25.54,-245.54,298.1,6.75,96.57,0,0,0,1
24-09-2022 0.00,0,14.48,-245.9,297.15,6.75,79.33,0,0,0,0
25-09-2022 0.00,0,0.29,-245.4,297.39,6.75,79.53,0,0,0,0
26-09-2022 0.00,0,4.23,-245.81,297.97,6.75,73.66,0,0,0,0
27-09-2022 0.00,0,1.37,-245.5,297.98,6.75,46.55,0,0,0,0
28-09-2022 0.00,0,0.06,-245.31,297.86,6.75,46.52,0,0,0,0
29-09-2022 0.00,0,0.18,-245.14,297.07,6.75,46.15,0,0,0,0
30-09-2022 0.00,0,0.03,-245.12,296.83,6.75,20.64,0,0,0,0
